{"cameraMode":{"drawMode":0,"name":"Shaded","section":"Shading Mode"},"sceneLighting":false,"audioPlay":false,"sceneViewState":{"showFog":true,"showMaterialUpdate":false,"showSkybox":false,"showFlares":true,"showImageEffects":true,"showParticleSystems":true},"in2DMode":false,"pivot":{"x":0.000029496848583221436,"y":0.9887993335723877,"z":0.001773834228515625},"rotation":{"x":-0.0018094152910634876,"y":-0.00840259063988924,"z":0.00001514413088443689,"w":-0.99996417760849},"size":3.6601359844207765,"orthographic":false}